{
    "epoch": 111.21,
    "eval_em": 85.6,
    "eval_f1": 91.96722471972471,
    "eval_loss": 0.17894980311393738,
    "eval_runtime": 28.2031,
    "eval_samples_per_second": 35.457,
    "eval_steps_per_second": 2.234,
    "test_em": 61.32858837485172,
    "test_f1": 76.82472642237161,
    "test_loss": 0.45226287841796875,
    "test_runtime": 169.4786,
    "test_samples_per_second": 34.819,
    "test_steps_per_second": 2.177,
    "train_loss": 0.21492094931030273,
    "train_runtime": 213966.6123,
    "train_samples": 71928,
    "train_samples_per_second": 37.389,
    "train_steps_per_second": 1.168
}