{
    "epoch": 111.21,
    "eval_em": 85.6,
    "eval_f1": 91.96722471972471,
    "eval_loss": 0.17894980311393738,
    "eval_runtime": 28.2031,
    "eval_samples_per_second": 35.457,
    "eval_steps_per_second": 2.234
}