{
    "epoch": 87.49,
    "eval_em": 52.800000000000004,
    "eval_f1": 66.30798925102975,
    "eval_loss": 0.6570499539375305,
    "eval_runtime": 58.2443,
    "eval_samples_per_second": 17.169,
    "eval_steps_per_second": 1.082
}