{
    "epoch": 3750.0,
    "eval_accuracy": 92.85714285714286,
    "eval_f1_multiclass": 94.58874458874459,
    "eval_loss": 0.238914355635643,
    "eval_runtime": 0.4124,
    "eval_samples_per_second": 67.892,
    "eval_steps_per_second": 2.425
}