{
    "epoch": 117.65,
    "eval_accuracy": 69.27899686520375,
    "eval_loss": 0.3621739149093628,
    "eval_runtime": 3.4761,
    "eval_samples_per_second": 91.771,
    "eval_steps_per_second": 2.877,
    "test_accuracy": 68.65203761755487,
    "test_loss": 0.3456808924674988,
    "test_runtime": 3.4761,
    "test_samples_per_second": 91.77,
    "test_steps_per_second": 2.877,
    "train_loss": 0.2522060138702393,
    "train_runtime": 7377.6247,
    "train_samples": 5428,
    "train_samples_per_second": 86.749,
    "train_steps_per_second": 2.711
}