{
    "epoch": 101.69,
    "eval_accuracy": 80.2446483180428,
    "eval_loss": 0.20879904925823212,
    "eval_runtime": 16.3891,
    "eval_samples_per_second": 99.761,
    "eval_steps_per_second": 3.173,
    "test_accuracy": 79.32721712538226,
    "test_loss": 0.20869790017604828,
    "test_runtime": 16.3813,
    "test_samples_per_second": 99.809,
    "test_steps_per_second": 3.174,
    "train_loss": 0.23224819920857748,
    "train_runtime": 10760.5965,
    "train_samples": 9427,
    "train_samples_per_second": 89.214,
    "train_steps_per_second": 2.788
}