{
    "epoch": 149.25,
    "eval_loss": 0.21779024600982666,
    "eval_matthews_correlation": 55.798309150862636,
    "eval_runtime": 5.9422,
    "eval_samples_per_second": 87.678,
    "eval_steps_per_second": 2.861,
    "test_loss": 0.17389105260372162,
    "test_matthews_correlation": 63.794864156250284,
    "test_runtime": 5.9534,
    "test_samples_per_second": 87.682,
    "test_steps_per_second": 2.856,
    "train_loss": 0.18997440853118897,
    "train_runtime": 15824.0358,
    "train_samples": 8551,
    "train_samples_per_second": 80.89,
    "train_steps_per_second": 2.528
}